Designator,Val,Package,Mid X,Mid Y,Rotation,Layer
C1,12pF,C_0402_1005Metric_Pad0.74x0.62mm_HandSolder,135.214,-106.152,180.0,top
C101,100nF,C_0402_1005Metric,123.911,-95.103,-135.0,top
C2,12pF,C_0402_1005Metric_Pad0.74x0.62mm_HandSolder,137.754,-103.739,90.0,top
C3,100nF,C_0402_1005Metric,132.039,-104.12,-135.0,top
C301,330nF,C_0603_1608Metric_Pad1.08x0.95mm_HandSolder,133.69,-115.55,90.0,top
C302,100nF,C_0603_1608Metric_Pad1.08x0.95mm_HandSolder,124.8,-110.089,-90.0,top
C303,100uF,C_1206_3216Metric_Pad1.33x1.80mm_HandSolder,124.419,-114.661,90.0,top
C501,100nF,C_0603_1608Metric_Pad1.08x0.95mm_HandSolder,128.753,-82.649,0.0,top
D1,D,D_SOD-323,136.381,-123.252,90.0,top
D11,SS34,D_SMA,144.6155,-80.532,-90.0,top
D12,~,D_SMA,144.6155,-73.23,90.0,top
D2,LED,LED_0805_2012Metric_Pad1.15x1.40mm_HandSolder,138.798409,-133.844705,90.0,top
D21,SS34,D_SMA,144.6155,-95.532,-90.0,top
D22,~,D_SMA,144.6155,-88.23,90.0,top
D301,MB10S,TO-269AA,129.007,-89.634,180.0,top
D31,SS34,D_SMA,144.6155,-110.532,-90.0,top
D32,~,D_SMA,144.6155,-103.23,90.0,top
D4,LED,LED_0805_2012Metric_Pad1.15x1.40mm_HandSolder,136.639409,-133.844705,90.0,top
D41,SS34,D_SMA,144.6155,-125.532,-90.0,top
D42,~,D_SMA,144.6155,-118.23,90.0,top
D501,SS53,D_SMA,125.5,-79.8975,0.0,top
D502,SS53,D_SMA,133.0,-79.8975,180.0,top
D503,SS53,D_SMA,133.0,-76.3975,0.0,top
D504,SS53,D_SMA,125.5,-76.3975,180.0,top
D51,SS34,D_SMA,114.9015,-118.23,90.0,top
D52,~,D_SMA,114.9015,-125.532,-90.0,top
D61,SS34,D_SMA,114.9015,-103.23,90.0,top
D62,~,D_SMA,114.9015,-110.532,-90.0,top
D71,SS34,D_SMA,114.9015,-88.23,90.0,top
D72,~,D_SMA,114.9015,-95.532,-90.0,top
D81,SS34,D_SMA,114.9015,-73.23,90.0,top
D82,~,D_SMA,114.9015,-80.532,-90.0,top
J11,~,"PhoenixContact_MC_1,5_3-G-3.5_1x03_P3.50mm_Horizontal",148.8065,-76.826,90.0,top
J21,~,"PhoenixContact_MC_1,5_3-G-3.5_1x03_P3.50mm_Horizontal",148.8065,-91.826,90.0,top
J31,~,"PhoenixContact_MC_1,5_3-G-3.5_1x03_P3.50mm_Horizontal",148.8065,-106.826,90.0,top
J41,~,"PhoenixContact_MC_1,5_3-G-3.5_1x03_P3.50mm_Horizontal",148.8065,-121.881,90.0,top
J51,~,"PhoenixContact_MC_1,5_3-G-3.5_1x03_P3.50mm_Horizontal",110.7105,-121.881,-90.0,top
J61,~,"PhoenixContact_MC_1,5_3-G-3.5_1x03_P3.50mm_Horizontal",110.7105,-106.881,-90.0,top
J62,Screw_Terminal_01x04,"PhoenixContact_MC_1,5_4-G-3.5_1x04_P3.50mm_Horizontal",129.46,-70.9765,180.0,top
J71,~,"PhoenixContact_MC_1,5_3-G-3.5_1x03_P3.50mm_Horizontal",110.7105,-91.881,-90.0,top
J81,~,"PhoenixContact_MC_1,5_3-G-3.5_1x03_P3.50mm_Horizontal",110.7105,-76.826,-90.0,top
Q11,AO3400A,SOT-23,140.6785,-82.088,0.0,top
Q12,AO3400A,SOT-23,140.6785,-71.674,0.0,top
Q21,AO3400A,SOT-23,140.6785,-97.088,0.0,top
Q22,AO3400A,SOT-23,140.6785,-86.674,0.0,top
Q31,AO3400A,SOT-23,140.6785,-112.088,0.0,top
Q32,AO3400A,SOT-23,140.6785,-101.674,0.0,top
Q41,AO3400A,SOT-23,140.6785,-127.088,0.0,top
Q42,AO3400A,SOT-23,140.6785,-116.674,0.0,top
Q51,AO3400A,SOT-23,118.8385,-116.674,180.0,top
Q52,AO3400A,SOT-23,118.8385,-127.088,180.0,top
Q61,AO3400A,SOT-23,118.8385,-101.674,180.0,top
Q62,AO3400A,SOT-23,118.8385,-112.088,180.0,top
Q71,AO3400A,SOT-23,118.8385,-86.674,180.0,top
Q72,AO3400A,SOT-23,118.8385,-97.088,180.0,top
Q81,AO3400A,SOT-23,118.8385,-71.674,180.0,top
Q82,AO3400A,SOT-23,118.8385,-82.088,180.0,top
R1,10k,R_0603_smalltext,138.052,-130.956,0.0,top
R101,0R1,R_1206_3216Metric,124.546,-83.411,0.0,top
R102,0R1,R_1206_3216Metric,124.546,-85.697,0.0,top
R103,0R1,R_1206_3216Metric,134.8945,-85.959,180.0,top
R104,0R1,R_1206_3216Metric,134.8945,-83.673,180.0,top
R11,22R,R_0603_1608Metric_Pad0.98x0.95mm_HandSolder,140.6785,-77.643,0.0,top
R12,22R,R_0603_1608Metric_Pad0.98x0.95mm_HandSolder,140.6785,-75.992,0.0,top
R13,10k,R_0603_1608Metric_Pad0.98x0.95mm_HandSolder,140.6785,-79.294,0.0,top
R14,10k,R_0603_1608Metric_Pad0.98x0.95mm_HandSolder,140.6785,-74.341,0.0,top
R2,10k,R_0402_1005Metric_Pad0.72x0.64mm_HandSolder,121.641,-130.02,180.0,top
R21,22R,R_0603_1608Metric_Pad0.98x0.95mm_HandSolder,140.6785,-92.643,0.0,top
R22,22R,R_0603_1608Metric_Pad0.98x0.95mm_HandSolder,140.6785,-90.992,0.0,top
R23,10k,R_0603_1608Metric_Pad0.98x0.95mm_HandSolder,140.6785,-94.294,0.0,top
R24,10k,R_0603_1608Metric_Pad0.98x0.95mm_HandSolder,140.6785,-89.341,0.0,top
R3,10k,R_0603_smalltext,122.411,-127.189,90.0,top
R31,22R,R_0603_1608Metric_Pad0.98x0.95mm_HandSolder,140.6785,-107.643,0.0,top
R32,22R,R_0603_1608Metric_Pad0.98x0.95mm_HandSolder,140.6785,-105.992,0.0,top
R33,10k,R_0603_1608Metric_Pad0.98x0.95mm_HandSolder,140.6785,-109.294,0.0,top
R34,10k,R_0603_1608Metric_Pad0.98x0.95mm_HandSolder,140.6785,-104.341,0.0,top
R4,10k,R_0603_smalltext,122.411,-123.633,90.0,top
R41,22R,R_0603_1608Metric_Pad0.98x0.95mm_HandSolder,140.6785,-122.643,0.0,top
R42,22R,R_0603_1608Metric_Pad0.98x0.95mm_HandSolder,140.6785,-120.992,0.0,top
R43,10k,R_0603_1608Metric_Pad0.98x0.95mm_HandSolder,140.6785,-124.294,0.0,top
R44,10k,R_0603_1608Metric_Pad0.98x0.95mm_HandSolder,140.6785,-119.341,0.0,top
R5,1k5,R_0603_smalltext,136.148409,-126.808,90.0,top
R501,47k,R_0603_smalltext,128.148,-85.189,-90.0,top
R502,10k,R_0603_smalltext,129.769,-85.189,90.0,top
R51,22R,R_0603_1608Metric_Pad0.98x0.95mm_HandSolder,118.8385,-121.119,180.0,top
R52,22R,R_0603_1608Metric_Pad0.98x0.95mm_HandSolder,118.8385,-122.77,180.0,top
R53,10k,R_0603_1608Metric_Pad0.98x0.95mm_HandSolder,118.8385,-119.468,180.0,top
R54,10k,R_0603_1608Metric_Pad0.98x0.95mm_HandSolder,118.8385,-124.421,180.0,top
R6,6k2,R_0603_1608Metric_Pad0.98x0.95mm_HandSolder,134.585409,-130.147,0.0,top
R61,22R,R_0603_1608Metric_Pad0.98x0.95mm_HandSolder,118.8385,-106.119,180.0,top
R62,22R,R_0603_1608Metric_Pad0.98x0.95mm_HandSolder,118.8385,-107.77,180.0,top
R63,10k,R_0603_1608Metric_Pad0.98x0.95mm_HandSolder,118.8385,-104.468,180.0,top
R64,10k,R_0603_1608Metric_Pad0.98x0.95mm_HandSolder,118.8385,-109.421,180.0,top
R71,22R,R_0603_1608Metric_Pad0.98x0.95mm_HandSolder,118.8385,-91.119,180.0,top
R72,22R,R_0603_1608Metric_Pad0.98x0.95mm_HandSolder,118.8385,-92.77,180.0,top
R73,10k,R_0603_1608Metric_Pad0.98x0.95mm_HandSolder,118.8385,-89.468,180.0,top
R74,10k,R_0603_1608Metric_Pad0.98x0.95mm_HandSolder,118.8385,-94.421,180.0,top
R81,22R,R_0603_1608Metric_Pad0.98x0.95mm_HandSolder,118.8385,-76.119,180.0,top
R82,22R,R_0603_1608Metric_Pad0.98x0.95mm_HandSolder,118.8385,-77.77,180.0,top
R83,10k,R_0603_1608Metric_Pad0.98x0.95mm_HandSolder,118.8385,-74.468,180.0,top
R84,10k,R_0603_1608Metric_Pad0.98x0.95mm_HandSolder,118.8385,-79.421,180.0,top
SW1,SW_SPST,tactile_SMD_6mm,144.821,-132.516,0.0,top
U1,ATmega328-A,TQFP-32_7x7mm_P0.8mm,127.721,-99.929,45.0,top
U3,6N137,SOP-8_6.62x9.15mm_P2.54mm,129.245,-124.313,90.0,top
U301,L78L05_SOT89,SOT-89-3,129.372,-114.326897,270.0,top
Y1,Crystal_GND2,crystal_arduino,135.087,-103.739,0.0,top
